state_code,region_name,year,consumption_gwh,consumption_million_kwh
AL,Alabama,2014,90493.72702,90493.72702
AK,Alaska,2014,6164.812,6164.812
AZ,Arizona,2014,76297.68499,76297.68499
AR,Arkansas,2014,47080.30101,47080.30101
CA,California,2014,262584.78602,262584.78602
CO,Colorado,2014,53396.52101,53396.52101
CT,Connecticut,2014,29354.46,29354.46
DE,Delaware,2014,11338.47699,11338.47699
DC,District of Columbia,2014,11193.589,11193.589
FL,Florida,2014,226078.111,226078.111
GA,Georgia,2014,135789.932,135789.932
HI,Hawaii,2014,9475.452,9475.452
ID,Idaho,2014,23233.28401,23233.28401
IL,Illinois,2014,141540.28703,141540.28703
IN,Indiana,2014,106942.50403,106942.50403
IA,Iowa,2014,47201.85298,47201.85298
KS,Kansas,2014,40561.606,40561.606
KY,Kentucky,2014,78838.92398,78838.92398
LA,Louisiana,2014,90628.31601,90628.31601
ME,Maine,2014,12002.66101,12002.66101
MD,Maryland,2014,61683.86901,61683.86901
MA,Massachusetts,2014,54469.292,54469.292
MI,Michigan,2014,103314.09801,103314.09801
MN,Minnesota,2014,68719.36702,68719.36702
MS,Mississippi,2014,49408.63098,49408.63098
MO,Missouri,2014,83878.39692,83878.39692
MT,Montana,2014,14102.39199,14102.39199
NE,Nebraska,2014,30222.16801,30222.16801
NV,Nevada,2014,35075.60601,35075.60601
NH,New Hampshire,2014,10944.081,10944.081
NJ,New Jersey,2014,73866.07801,73866.07801
NM,New Mexico,2014,23115.222,23115.222
NY,New York,2014,147371.91299,147371.91299
NC,North Carolina,2014,133132.77596,133132.77596
ND,North Dakota,2014,18239.73201,18239.73201
OH,Ohio,2014,150679.71301,150679.71301
OK,Oklahoma,2014,61573.37402,61573.37402
OR,Oregon,2014,47334.95301,47334.95301
PA,Pennsylvania,2014,146687.698,146687.698
RI,Rhode Island,2014,7643.104,7643.104
SC,South Carolina,2014,81619.765,81619.765
SD,South Dakota,2014,12354.726,12354.726
TN,Tennessee,2014,100219.23,100219.23
TX,Texas,2014,389669.82,389669.82
UT,Utah,2014,30043.01902,30043.01902
VT,Vermont,2014,5569.86099,5569.86099
VA,Virginia,2014,112098.38099,112098.38099
WA,Washington,2014,92140.77699,92140.77699
WV,West Virginia,2014,32696.106,32696.106
WI,Wisconsin,2014,69494.75499,69494.75499
WY,Wyoming,2014,17134.07502,17134.07502
AL,Alabama,2015,88845.543,88845.543
AK,Alaska,2015,6159.204,6159.204
AZ,Arizona,2015,77349.41596,77349.41596
AR,Arkansas,2015,46465.15402,46465.15402
CA,California,2015,261170.43699,261170.43699
CO,Colorado,2015,54116.04599,54116.04599
CT,Connecticut,2015,29476.15501,29476.15501
DE,Delaware,2015,11498.205,11498.205
DC,District of Columbia,2015,11291.23301,11291.23301
FL,Florida,2015,235599.39798,235599.39798
GA,Georgia,2015,135878.215,135878.215
HI,Hawaii,2015,9511.352,9511.352
ID,Idaho,2015,23058.81399,23058.81399
IL,Illinois,2015,138619.97,138619.97
IN,Indiana,2015,104514.51798,104514.51798
IA,Iowa,2015,47147.29285,47147.29285
KS,Kansas,2015,39849.127,39849.127
KY,Kentucky,2015,76038.62998,76038.62998
LA,Louisiana,2015,91676.48901,91676.48901
ME,Maine,2015,11888.168,11888.168
MD,Maryland,2015,61781.71901,61781.71901
MA,Massachusetts,2015,54621.08801,54621.08801
MI,Michigan,2015,102479.92097,102479.92097
MN,Minnesota,2015,66579.23387,66579.23387
MS,Mississippi,2015,48691.52902,48691.52902
MO,Missouri,2015,81504.081,81504.081
MT,Montana,2015,14206.911,14206.911
NE,Nebraska,2015,29495.07292,29495.07292
NV,Nevada,2015,36019.69,36019.69
NH,New Hampshire,2015,10999.149,10999.149
NJ,New Jersey,2015,75489.62301,75489.62301
NM,New Mexico,2015,23093.55301,23093.55301
NY,New York,2015,148913.65506,148913.65506
NC,North Carolina,2015,133847.52299,133847.52299
ND,North Dakota,2015,18128.94799,18128.94799
OH,Ohio,2015,149213.22396,149213.22396
OK,Oklahoma,2015,61336.38499,61336.38499
OR,Oregon,2015,47263.97396,47263.97396
PA,Pennsylvania,2015,146344.02799,146344.02799
RI,Rhode Island,2015,7664.718,7664.718
SC,South Carolina,2015,81328.246,81328.246
SD,South Dakota,2015,12101.979,12101.979
TN,Tennessee,2015,99632.10797,99632.10797
TX,Texas,2015,392337.35401,392337.35401
UT,Utah,2015,30192.34999,30192.34999
VT,Vermont,2015,5521.10901,5521.10901
VA,Virginia,2015,112009.04499,112009.04499
WA,Washington,2015,90116.08597,90116.08597
WV,West Virginia,2015,32303.026,32303.026
WI,Wisconsin,2015,68698.93192,68698.93192
WY,Wyoming,2015,16924.76199,16924.76199
AL,Alabama,2016,88225.141,88225.141
AK,Alaska,2016,6123.20202,6123.20202
AZ,Arizona,2016,78237.82802,78237.82802
AR,Arkansas,2016,46188.438,46188.438
CA,California,2016,256846.63497,256846.63497
CO,Colorado,2016,54802.03698,54802.03698
CT,Connecticut,2016,28931.087,28931.087
DE,Delaware,2016,11258.438,11258.438
DC,District of Columbia,2016,11394.003,11394.003
FL,Florida,2016,235721.822,235721.822
GA,Georgia,2016,138112.239,138112.239
HI,Hawaii,2016,9445.389,9445.389
ID,Idaho,2016,23062.96099,23062.96099
IL,Illinois,2016,141050.40899,141050.40899
IN,Indiana,2016,103704.82099,103704.82099
IA,Iowa,2016,48431.19301,48431.19301
KS,Kansas,2016,40810.17399,40810.17399
KY,Kentucky,2016,74553.575,74553.575
LA,Louisiana,2016,91452.659,91452.659
ME,Maine,2016,11448.951,11448.951
MD,Maryland,2016,61353.91101,61353.91101
MA,Massachusetts,2016,53475.888,53475.888
MI,Michigan,2016,104467.81301,104467.81301
MN,Minnesota,2016,66546.49198,66546.49198
MS,Mississippi,2016,49050.16399,49050.16399
MO,Missouri,2016,78618.05597,78618.05597
MT,Montana,2016,14100.60102,14100.60102
NE,Nebraska,2016,30199.35404,30199.35404
NV,Nevada,2016,36144.63,36144.63
NH,New Hampshire,2016,10904.95599,10904.95599
NJ,New Jersey,2016,75359.37099,75359.37099
NM,New Mexico,2016,23039.54701,23039.54701
NY,New York,2016,147803.03801,147803.03801
NC,North Carolina,2016,134404.31899,134404.31899
ND,North Dakota,2016,18520.18799,18520.18799
OH,Ohio,2016,150597.79604,150597.79604
OK,Oklahoma,2016,61516.554,61516.554
OR,Oregon,2016,47349.34999,47349.34999
PA,Pennsylvania,2016,145327.68299,145327.68299
RI,Rhode Island,2016,7524.27,7524.27
SC,South Carolina,2016,79577.54999,79577.54999
SD,South Dakota,2016,12129.53002,12129.53002
TN,Tennessee,2016,100758.43902,100758.43902
TX,Texas,2016,398661.80878,398661.80878
UT,Utah,2016,30179.53403,30179.53403
VT,Vermont,2016,5516.45001,5516.45001
VA,Virginia,2016,112280.66501,112280.66501
WA,Washington,2016,88885.316,88885.316
WV,West Virginia,2016,32076.14599,32076.14599
WI,Wisconsin,2016,69736.33799,69736.33799
WY,Wyoming,2016,16554.87,16554.87
AL,Alabama,2017,86241.73001,86241.73001
AK,Alaska,2017,6185.799,6185.799
AZ,Arizona,2017,77646.26201,77646.26201
AR,Arkansas,2017,46085.95101,46085.95101
CA,California,2017,257267.93701,257267.93701
CO,Colorado,2017,54830.186,54830.186
CT,Connecticut,2017,28135.52999,28135.52999
DE,Delaware,2017,11128.60301,11128.60301
DC,District of Columbia,2017,10916.446,10916.446
FL,Florida,2017,233154.549,233154.549
GA,Georgia,2017,133456.62,133456.62
HI,Hawaii,2017,9324.20101,9324.20101
ID,Idaho,2017,23793.78999,23793.78999
IL,Illinois,2017,137196.31001,137196.31001
IN,Indiana,2017,98965.968,98965.968
IA,Iowa,2017,48921.99695,48921.99695
KS,Kansas,2017,40287.78698,40287.78698
KY,Kentucky,2017,72634.38698,72634.38698
LA,Louisiana,2017,91205.935,91205.935
ME,Maine,2017,11213.674,11213.674
MD,Maryland,2017,59303.885,59303.885
MA,Massachusetts,2017,52513.32101,52513.32101
MI,Michigan,2017,101899.09299,101899.09299
MN,Minnesota,2017,67152.57997,67152.57997
MS,Mississippi,2017,47828.787,47828.787
MO,Missouri,2017,76461.41902,76461.41902
MT,Montana,2017,14709.65602,14709.65602
NE,Nebraska,2017,30359.00702,30359.00702
NV,Nevada,2017,36657.786,36657.786
NH,New Hampshire,2017,10787.26099,10787.26099
NJ,New Jersey,2017,73382.94,73382.94
NM,New Mexico,2017,23009.58399,23009.58399
NY,New York,2017,144992.43302,144992.43302
NC,North Carolina,2017,131421.31898,131421.31898
ND,North Dakota,2017,20140.42599,20140.42599
OH,Ohio,2017,146643.83102,146643.83102
OK,Oklahoma,2017,60492.12799,60492.12799
OR,Oregon,2017,50043.81603,50043.81603
PA,Pennsylvania,2017,142990.89598,142990.89598
RI,Rhode Island,2017,7384.671,7384.671
SC,South Carolina,2017,78096.757,78096.757
SD,South Dakota,2017,12313.67503,12313.67503
TN,Tennessee,2017,97239.88499,97239.88499
TX,Texas,2017,401880.37401,401880.37401
UT,Utah,2017,30589.02102,30589.02102
VT,Vermont,2017,5423.662,5423.662
VA,Virginia,2017,111529.73201,111529.73201
WA,Washington,2017,91948.17201,91948.17201
WV,West Virginia,2017,31709.019,31709.019
WI,Wisconsin,2017,69079.10897,69079.10897
WY,Wyoming,2017,16778.06699,16778.06699
AL,Alabama,2018,90280.456,90280.456
AK,Alaska,2018,5972.46698,5972.46698
AZ,Arizona,2018,78346.30199,78346.30199
AR,Arkansas,2018,49602.70798,49602.70798
CA,California,2018,255224.27197,255224.27197
CO,Colorado,2018,56450.48002,56450.48002
CT,Connecticut,2018,28833.925,28833.925
DE,Delaware,2018,11773.1,11773.1
DC,District of Columbia,2018,11357.91,11357.91
FL,Florida,2018,238565.391,238565.391
GA,Georgia,2018,139866.07398,139866.07398
HI,Hawaii,2018,9337.161,9337.161
ID,Idaho,2018,23753.50799,23753.50799
IL,Illinois,2018,142654.80801,142654.80801
IN,Indiana,2018,104194.376,104194.376
IA,Iowa,2018,51210.655,51210.655
KS,Kansas,2018,42036.97904,42036.97904
KY,Kentucky,2018,76610.63597,76610.63597
LA,Louisiana,2018,94186.07201,94186.07201
ME,Maine,2018,12354.819,12354.819
MD,Maryland,2018,62086.45499,62086.45499
MA,Massachusetts,2018,53285.02903,53285.02903
MI,Michigan,2018,104869.49602,104869.49602
MN,Minnesota,2018,68708.38199,68708.38199
MS,Mississippi,2018,50390.06798,50390.06798
MO,Missouri,2018,82055.835,82055.835
MT,Montana,2018,14838.84499,14838.84499
NE,Nebraska,2018,30939.49201,30939.49201
NV,Nevada,2018,37780.26301,37780.26301
NH,New Hampshire,2018,11046.28399,11046.28399
NJ,New Jersey,2018,76016.762,76016.762
NM,New Mexico,2018,24048.61099,24048.61099
NY,New York,2018,149929.851,149929.851
NC,North Carolina,2018,138287.404,138287.404
ND,North Dakota,2018,20669.50599,20669.50599
OH,Ohio,2018,152915.16698,152915.16698
OK,Oklahoma,2018,64575.31599,64575.31599
OR,Oregon,2018,49325.90401,49325.90401
PA,Pennsylvania,2018,148976.73101,148976.73101
RI,Rhode Island,2018,7583.339,7583.339
SC,South Carolina,2018,81641.13799,81641.13799
SD,South Dakota,2018,12856.93799,12856.93799
TN,Tennessee,2018,102911.18299,102911.18299
TX,Texas,2018,424418.628,424418.628
UT,Utah,2018,31242.408,31242.408
VT,Vermont,2018,5530.94799,5530.94799
VA,Virginia,2018,118166.34802,118166.34802
WA,Washington,2018,90005.79099,90005.79099
WV,West Virginia,2018,33646.813,33646.813
WI,Wisconsin,2018,70959.54899,70959.54899
WY,Wyoming,2018,16864.67799,16864.67799
AL,Alabama,2019,88095.11201,88095.11201
AK,Alaska,2019,5818.80503,5818.80503
AZ,Arizona,2019,77929.17002,77929.17002
AR,Arkansas,2019,48093.03199,48093.03199
CA,California,2019,250378.71,250378.71
CO,Colorado,2019,56520.82299,56520.82299
CT,Connecticut,2019,27899.996,27899.996
DE,Delaware,2019,11469.42199,11469.42199
DC,District of Columbia,2019,11028.403,11028.403
FL,Florida,2019,240347.95505,240347.95505
GA,Georgia,2019,139300.98999,139300.98999
HI,Hawaii,2019,9452.88701,9452.88701
ID,Idaho,2019,23985.275,23985.275
IL,Illinois,2019,138319.48099,138319.48099
IN,Indiana,2019,102104.20303,102104.20303
IA,Iowa,2019,51043.14802,51043.14802
KS,Kansas,2019,41159.62798,41159.62798
KY,Kentucky,2019,75345.382,75345.382
LA,Louisiana,2019,93128.52501,93128.52501
ME,Maine,2019,11732.04,11732.04
MD,Maryland,2019,60720.658,60720.658
MA,Massachusetts,2019,51336.59799,51336.59799
MI,Michigan,2019,101249.29298,101249.29298
MN,Minnesota,2019,66965.594,66965.594
MS,Mississippi,2019,48951.026,48951.026
MO,Missouri,2019,78857.77499,78857.77499
MT,Montana,2019,15321.27098,15321.27098
NE,Nebraska,2019,30383.19001,30383.19001
NV,Nevada,2019,36982.38601,36982.38601
NH,New Hampshire,2019,10711.65701,10711.65701
NJ,New Jersey,2019,73916.70397,73916.70397
NM,New Mexico,2019,24880.134,24880.134
NY,New York,2019,145600.34501,145600.34501
NC,North Carolina,2019,136435.53101,136435.53101
ND,North Dakota,2019,21559.25501,21559.25501
OH,Ohio,2019,148521.92005,148521.92005
OK,Oklahoma,2019,64795.946,64795.946
OR,Oregon,2019,50404.38599,50404.38599
PA,Pennsylvania,2019,145580.38298,145580.38298
RI,Rhode Island,2019,7349.915,7349.915
SC,South Carolina,2019,80205.62,80205.62
SD,South Dakota,2019,12868.93098,12868.93098
TN,Tennessee,2019,99829.09999,99829.09999
TX,Texas,2019,429343.40401,429343.40401
UT,Utah,2019,31142.56502,31142.56502
VT,Vermont,2019,5427.66399,5427.66399
VA,Virginia,2019,118435.37999,118435.37999
WA,Washington,2019,91052.79598,91052.79598
WV,West Virginia,2019,33247.013,33247.013
WI,Wisconsin,2019,69157.53999,69157.53999
WY,Wyoming,2019,16763.49601,16763.49601
AL,Alabama,2020,83395.60502,83395.60502
AK,Alaska,2020,5917.57699,5917.57699
AZ,Arizona,2020,81960.07401,81960.07401
AR,Arkansas,2020,45851.00301,45851.00301
CA,California,2020,250174.67203,250174.67203
CO,Colorado,2020,56050.26399,56050.26399
CT,Connecticut,2020,27113.673,27113.673
DE,Delaware,2020,11129.05101,11129.05101
DC,District of Columbia,2020,9785.775,9785.775
FL,Florida,2020,242440.17099,242440.17099
GA,Georgia,2020,133470.14198,133470.14198
HI,Hawaii,2020,8796.76099,8796.76099
ID,Idaho,2020,24461.35199,24461.35199
IL,Illinois,2020,132469.277,132469.277
IN,Indiana,2020,97155.74401,97155.74401
IA,Iowa,2020,50639.86205,50639.86205
KS,Kansas,2020,39483.94599,39483.94599
KY,Kentucky,2020,71800.39901,71800.39901
LA,Louisiana,2020,89126.68501,89126.68501
ME,Maine,2020,11346.74,11346.74
MD,Maryland,2020,57629.04001,57629.04001
MA,Massachusetts,2020,50009.34104,50009.34104
MI,Michigan,2020,97011.9058,97011.9058
MN,Minnesota,2020,64054.60602,64054.60602
MS,Mississippi,2020,46482.03998,46482.03998
MO,Missouri,2020,75725.71197,75725.71197
MT,Montana,2020,14584.179,14584.179
NE,Nebraska,2020,31171.53602,31171.53602
NV,Nevada,2020,38233.89901,38233.89901
NH,New Hampshire,2020,10693.52901,10693.52901
NJ,New Jersey,2020,71998.22099,71998.22099
NM,New Mexico,2020,24777.15501,24777.15501
NY,New York,2020,140406.63199,140406.63199
NC,North Carolina,2020,130390.97999,130390.97999
ND,North Dakota,2020,21819.45199,21819.45199
OH,Ohio,2020,142615.19902,142615.19902
OK,Oklahoma,2020,62299.30498,62299.30498
OR,Oregon,2020,51019.31301,51019.31301
PA,Pennsylvania,2020,139720.83699,139720.83699
RI,Rhode Island,2020,7351.541,7351.541
SC,South Carolina,2020,76737.17599,76737.17599
SD,South Dakota,2020,12695.84499,12695.84499
TN,Tennessee,2020,95003.88798,95003.88798
TX,Texas,2020,426863.26697,426863.26697
UT,Utah,2020,31663.15699,31663.15699
VT,Vermont,2020,5331.45801,5331.45801
VA,Virginia,2020,117254.388,117254.388
WA,Washington,2020,86706.144,86706.144
WV,West Virginia,2020,32076.583,32076.583
WI,Wisconsin,2020,67448.36105,67448.36105
WY,Wyoming,2020,15331.018,15331.018
AL,Alabama,2021,85585.166,85585.166
AK,Alaska,2021,5969.339,5969.339
AZ,Arizona,2021,81219.99,81219.99
AR,Arkansas,2021,48663.14201,48663.14201
CA,California,2021,247249.865,247249.865
CO,Colorado,2021,56351.209,56351.209
CT,Connecticut,2021,27737.606,27737.606
DE,Delaware,2021,11479.65499,11479.65499
DC,District of Columbia,2021,10083.372,10083.372
FL,Florida,2021,241562.08201,241562.08201
GA,Georgia,2021,137363.95204,137363.95204
HI,Hawaii,2021,8936.482,8936.482
ID,Idaho,2021,25285.616,25285.616
IL,Illinois,2021,135688.833,135688.833
IN,Indiana,2021,99740.04599,99740.04599
IA,Iowa,2021,52893.26902,52893.26902
KS,Kansas,2021,40491.78604,40491.78604
KY,Kentucky,2021,74516.98602,74516.98602
LA,Louisiana,2021,90819.34601,90819.34601
ME,Maine,2021,11584.674,11584.674
MD,Maryland,2021,59303.974,59303.974
MA,Massachusetts,2021,50798.38799,50798.38799
MI,Michigan,2021,99813.28097,99813.28097
MN,Minnesota,2021,66589.16797,66589.16797
MS,Mississippi,2021,48015.36399,48015.36399
MO,Missouri,2021,77763.04101,77763.04101
MT,Montana,2021,14961.561,14961.561
NE,Nebraska,2021,32341.17002,32341.17002
NV,Nevada,2021,39032.042,39032.042
NH,New Hampshire,2021,10867.26799,10867.26799
NJ,New Jersey,2021,73070.46599,73070.46599
NM,New Mexico,2021,25393.74299,25393.74299
NY,New York,2021,141423.77816,141423.77816
NC,North Carolina,2021,135693.07701,135693.07701
ND,North Dakota,2021,22863.10699,22863.10699
OH,Ohio,2021,147717.86495,147717.86495
OK,Oklahoma,2021,64525.137,64525.137
OR,Oregon,2021,54135.20501,54135.20501
PA,Pennsylvania,2021,143340.15399,143340.15399
RI,Rhode Island,2021,7398.00399,7398.00399
SC,South Carolina,2021,79792.13601,79792.13601
SD,South Dakota,2021,13041.39102,13041.39102
TN,Tennessee,2021,99621.13698,99621.13698
TX,Texas,2021,435627.87798,435627.87798
UT,Utah,2021,32677.62701,32677.62701
VT,Vermont,2021,5412.69602,5412.69602
VA,Virginia,2021,125245.19598,125245.19598
WA,Washington,2021,88198.668,88198.668
WV,West Virginia,2021,32777.98802,32777.98802
WI,Wisconsin,2021,69426.61502,69426.61502
WY,Wyoming,2021,15784.712,15784.712
AL,Alabama,2022,87027.54499,87027.54499
AK,Alaska,2022,6002.08,6002.08
AZ,Arizona,2022,84196.51702,84196.51702
AR,Arkansas,2022,48997.66299,48997.66299
CA,California,2022,251869.136,251869.136
CO,Colorado,2022,56763.04099,56763.04099
CT,Connecticut,2022,27767.146,27767.146
DE,Delaware,2022,11539.27099,11539.27099
DC,District of Columbia,2022,10241.534,10241.534
FL,Florida,2022,248820.80301,248820.80301
GA,Georgia,2022,145035.20397,145035.20397
HI,Hawaii,2022,9039.11501,9039.11501
ID,Idaho,2022,26201.131,26201.131
IL,Illinois,2022,135871.58,135871.58
IN,Indiana,2022,100044.36496,100044.36496
IA,Iowa,2022,54203.95499,54203.95499
KS,Kansas,2022,41961.06503,41961.06503
KY,Kentucky,2022,75338.74199,75338.74199
LA,Louisiana,2022,95138.99799,95138.99799
ME,Maine,2022,11875.708,11875.708
MD,Maryland,2022,59682.71902,59682.71902
MA,Massachusetts,2022,50983.44001,50983.44001
MI,Michigan,2022,100639.26202,100639.26202
MN,Minnesota,2022,66635.43002,66635.43002
MS,Mississippi,2022,48979.533,48979.533
MO,Missouri,2022,80306.26002,80306.26002
MT,Montana,2022,15583.78301,15583.78301
NE,Nebraska,2022,33844.10502,33844.10502
NV,Nevada,2022,39320.007,39320.007
NH,New Hampshire,2022,10818.13,10818.13
NJ,New Jersey,2022,74442.735,74442.735
NM,New Mexico,2022,27156.17798,27156.17798
NY,New York,2022,143210.51698,143210.51698
NC,North Carolina,2022,139206.76104,139206.76104
ND,North Dakota,2022,25392.877,25392.877
OH,Ohio,2022,149499.78299,149499.78299
OK,Oklahoma,2022,69486.94202,69486.94202
OR,Oregon,2022,56326.89599,56326.89599
PA,Pennsylvania,2022,145044.59215,145044.59215
RI,Rhode Island,2022,7576.284,7576.284
SC,South Carolina,2022,82758.43201,82758.43201
SD,South Dakota,2022,13467.06401,13467.06401
TN,Tennessee,2022,102112.05101,102112.05101
TX,Texas,2022,475401.19206,475401.19206
UT,Utah,2022,33365.50101,33365.50101
VT,Vermont,2022,5470.47101,5470.47101
VA,Virginia,2022,132264.61703,132264.61703
WA,Washington,2022,90897.31998,90897.31998
WV,West Virginia,2022,32986.288,32986.288
WI,Wisconsin,2022,69875.87103,69875.87103
WY,Wyoming,2022,16499.42898,16499.42898
AL,Alabama,2023,84880.35899,84880.35899
AK,Alaska,2023,6024.59801,6024.59801
AZ,Arizona,2023,85918.79798,85918.79798
AR,Arkansas,2023,48649.29999,48649.29999
CA,California,2023,239480.45202,239480.45202
CO,Colorado,2023,55565.81899,55565.81899
CT,Connecticut,2023,26685.176,26685.176
DE,Delaware,2023,11081.67099,11081.67099
DC,District of Columbia,2023,9879.714,9879.714
FL,Florida,2023,250940.214,250940.214
GA,Georgia,2023,142028.83101,142028.83101
HI,Hawaii,2023,8927.25201,8927.25201
ID,Idaho,2023,25673.977,25673.977
IL,Illinois,2023,130578.21703,130578.21703
IN,Indiana,2023,95995.35001,95995.35001
IA,Iowa,2023,54400.25902,54400.25902
KS,Kansas,2023,41052.008,41052.008
KY,Kentucky,2023,71223.02101,71223.02101
LA,Louisiana,2023,95374.45701,95374.45701
ME,Maine,2023,11336.02999,11336.02999
MD,Maryland,2023,57033.08501,57033.08501
MA,Massachusetts,2023,50011.96399,50011.96399
MI,Michigan,2023,97588.69001,97588.69001
MN,Minnesota,2023,66215.80005,66215.80005
MS,Mississippi,2023,48421.76201,48421.76201
MO,Missouri,2023,76975.79901,76975.79901
MT,Montana,2023,15504.69901,15504.69901
NE,Nebraska,2023,33571.19901,33571.19901
NV,Nevada,2023,38249.35501,38249.35501
NH,New Hampshire,2023,10631.31298,10631.31298
NJ,New Jersey,2023,71096.93901,71096.93901
NM,New Mexico,2023,28347.49003,28347.49003
NY,New York,2023,139421.93598,139421.93598
NC,North Carolina,2023,133091.10797,133091.10797
ND,North Dakota,2023,28202.179,28202.179
OH,Ohio,2023,146640.98305,146640.98305
OK,Oklahoma,2023,68978.84001,68978.84001
OR,Oregon,2023,57984.962,57984.962
PA,Pennsylvania,2023,138710.99303,138710.99303
RI,Rhode Island,2023,7300.78799,7300.78799
SC,South Carolina,2023,81202.18501,81202.18501
SD,South Dakota,2023,13505.999,13505.999
TN,Tennessee,2023,99046.005,99046.005
TX,Texas,2023,492820.38499,492820.38499
UT,Utah,2023,33343.53701,33343.53701
VT,Vermont,2023,5364.02301,5364.02301
VA,Virginia,2023,132318.50501,132318.50501
WA,Washington,2023,89552.62999,89552.62999
WV,West Virginia,2023,32070.68699,32070.68699
WI,Wisconsin,2023,68563.90399,68563.90399
WY,Wyoming,2023,16790.115,16790.115
AL,Alabama,2024,87522.93201,87522.93201
AK,Alaska,2024,6046.50298,6046.50298
AZ,Arizona,2024,90843.28799,90843.28799
AR,Arkansas,2024,49895.81201,49895.81201
CA,California,2024,245717.14497,245717.14497
CO,Colorado,2024,56842.90401,56842.90401
CT,Connecticut,2024,27351.35502,27351.35502
DE,Delaware,2024,11373.916,11373.916
DC,District of Columbia,2024,10142.91499,10142.91499
FL,Florida,2024,255095.45803,255095.45803
GA,Georgia,2024,150003.96499,150003.96499
HI,Hawaii,2024,8952.13401,8952.13401
ID,Idaho,2024,26369.555,26369.555
IL,Illinois,2024,133226.90667,133226.90667
IN,Indiana,2024,99219.60701,99219.60701
IA,Iowa,2024,54930.42198,54930.42198
KS,Kansas,2024,41258.21004,41258.21004
KY,Kentucky,2024,74405.87098,74405.87098
LA,Louisiana,2024,95356.82898,95356.82898
ME,Maine,2024,11341.591,11341.591
MD,Maryland,2024,59018.688,59018.688
MA,Massachusetts,2024,49418.57498,49418.57498
MI,Michigan,2024,98991.014,98991.014
MN,Minnesota,2024,64562.10798,64562.10798
MS,Mississippi,2024,48684.61201,48684.61201
MO,Missouri,2024,77776.034,77776.034
MT,Montana,2024,15567.01298,15567.01298
NE,Nebraska,2024,35191.04503,35191.04503
NV,Nevada,2024,40664.63901,40664.63901
NH,New Hampshire,2024,10913.961,10913.961
NJ,New Jersey,2024,73531.424,73531.424
NM,New Mexico,2024,30296.35401,30296.35401
NY,New York,2024,140497.50099,140497.50099
NC,North Carolina,2024,136904.52597,136904.52597
ND,North Dakota,2024,29769.698,29769.698
OH,Ohio,2024,153707.37597,153707.37597
OK,Oklahoma,2024,72083.77302,72083.77302
OR,Oregon,2024,59680.701,59680.701
PA,Pennsylvania,2024,142146.51402,142146.51402
RI,Rhode Island,2024,7414.247,7414.247
SC,South Carolina,2024,83961.42802,83961.42802
SD,South Dakota,2024,13637.20398,13637.20398
TN,Tennessee,2024,102962.43502,102962.43502
TX,Texas,2024,505431.31701,505431.31701
UT,Utah,2024,34688.08298,34688.08298
VT,Vermont,2024,5458.947,5458.947
VA,Virginia,2024,138044.772,138044.772
WA,Washington,2024,89981.629,89981.629
WV,West Virginia,2024,32990.57,32990.57
WI,Wisconsin,2024,68291.42398,68291.42398
WY,Wyoming,2024,17216.90101,17216.90101
AL,Alabama,2025,89221.26994,89221.26994
AK,Alaska,2025,6118.4264,6118.4264
AZ,Arizona,2025,91552.33195,91552.33195
AR,Arkansas,2025,52962.92737,52962.92737
CA,California,2025,237957.47888,237957.47888
CO,Colorado,2025,56651.95974,56651.95974
CT,Connecticut,2025,27570.16657,27570.16657
DE,Delaware,2025,11578.45934,11578.45934
DC,District of Columbia,2025,10241.27764,10241.27764
FL,Florida,2025,257888.83995,257888.83995
GA,Georgia,2025,153565.99735,153565.99735
HI,Hawaii,2025,9136.94866,9136.94866
ID,Idaho,2025,26800.23178,26800.23178
IL,Illinois,2025,135394.78655,135394.78655
IN,Indiana,2025,103487.47704,103487.47704
IA,Iowa,2025,58568.15959,58568.15959
KS,Kansas,2025,41970.54625,41970.54625
KY,Kentucky,2025,75919.01347,75919.01347
LA,Louisiana,2025,98075.44534,98075.44534
ME,Maine,2025,11037.29262,11037.29262
MD,Maryland,2025,59502.67415,59502.67415
MA,Massachusetts,2025,51740.51545,51740.51545
MI,Michigan,2025,100118.38208,100118.38208
MN,Minnesota,2025,65737.50133,65737.50133
MS,Mississippi,2025,49610.85004,49610.85004
MO,Missouri,2025,80114.37473,80114.37473
MT,Montana,2025,15371.39074,15371.39074
NE,Nebraska,2025,37623.6576,37623.6576
NV,Nevada,2025,39845.77485,39845.77485
NH,New Hampshire,2025,11104.4225,11104.4225
NJ,New Jersey,2025,73064.16255,73064.16255
NM,New Mexico,2025,31577.50302,31577.50302
NY,New York,2025,143490.3239,143490.3239
NC,North Carolina,2025,140584.34759,140584.34759
ND,North Dakota,2025,30338.75476,30338.75476
OH,Ohio,2025,161933.97969,161933.97969
OK,Oklahoma,2025,75114.57665,75114.57665
OR,Oregon,2025,61566.82497,61566.82497
PA,Pennsylvania,2025,143317.14544,143317.14544
RI,Rhode Island,2025,7403.63762,7403.63762
SC,South Carolina,2025,85619.48826,85619.48826
SD,South Dakota,2025,13812.50448,13812.50448
TN,Tennessee,2025,106551.83746,106551.83746
TX,Texas,2025,519699.53363,519699.53363
UT,Utah,2025,35074.20381,35074.20381
VT,Vermont,2025,5472.55542,5472.55542
VA,Virginia,2025,144674.13361,144674.13361
WA,Washington,2025,91043.98405,91043.98405
WV,West Virginia,2025,33683.12373,33683.12373
WI,Wisconsin,2025,70179.50226,70179.50226
WY,Wyoming,2025,17336.45385,17336.45385
